Role,Company,Location
Python Developer,Infosys,"Pune, Maharashtra, India (On-site)"
Python Developer Intern,SproutsAI,India (Remote)
Python Developer,Apexon,"Pune, Maharashtra, India (Hybrid)"
"Associate Python Developer in Bangalore, Pune",Silfra Technologies,"Pune, Maharashtra, India (On-site)"
Python Developer - Flask/Django,Pratiti,"Pune, Maharashtra, India (On-site)"
Junior Python Developer _Immediate _Pune/Mumbai,Atyeti Inc,"Pune, Maharashtra, India"
Python Developer,Muks Robotics – The AI Robotics Company,"Pune, Maharashtra, India (On-site)"
Python Developer,HCLSoftware,"Bangalore Urban, Karnataka, India (Hybrid)"
Python-Django Developer,SplendorNet Technologies Pvt. Ltd.,"Pune, Maharashtra, India (On-site)"
Python Developer Remote Intern,Enerzcloud Solutions,India (Remote)
Junior Backend Engineer (Python),MaxIQ,"Pune, Maharashtra, India (On-site)"
Web Developer,BNP Paribas,"Mumbai, Maharashtra, India (On-site)"
Web Developer Intern,SySpree Digital,"Mumbai, Maharashtra, India (On-site)"
Python Developer Intern,Unified Mentor Private Limited,India (Remote)
Web Developer Intern,AutomateBuddy Technologies Private Limited,"Navi Mumbai, Maharashtra, India (On-site)"
Web Developer,WealthRhino Intellivest Services Pvt Ltd,"Navi Mumbai, Maharashtra, India (On-site)"
WEB DEVELOPER,Global Advertisers Pvt. Ltd.,"Mumbai, Maharashtra, India (On-site)"
Python Developer,WhiteSnow Software,"Pune, Maharashtra, India (On-site)"
Remote Python Developer - 17852,Turing · India (Remote),
Python Developer in Computer Vision,"Ease My Ai Pvt Ltd · Mumbai, Maharashtra, India (On-site)",
AI Engineering Intern,"Loam.ai · Mumbai, Maharashtra, India (Hybrid)",
Back End Developer,Atmos Climate · India (Remote),
Python Developer,"NexionPro Services · Pune, Maharashtra, India (Hybrid)",
PHP Developer,Altraize,"Pune, Maharashtra, India (On-site)"
PHP Developer -Pune,Bynaric Systems,"Pune, Maharashtra, India (On-site)"
PHP Senior Web Developer,THE TECH HUB India,"Pune, Maharashtra, India (On-site)"
PHP Developer,Tagrem Corp,"Pune, Maharashtra, India (On-site)"
PHP Developer,PROFECIA LINKS,"Pune, Maharashtra, India (On-site)"
PHP Developer,Exioms,"Pune, Maharashtra, India (On-site)"
PHP Developer,Appristine Technolog,"Pune, Maharashtra, India (On-site)"
React Developer,Synechron,"Pune, Maharashtra, India (On-site)"
Sr. React JS Developer,OM SOFTWARE PVT. LTD,"Pune, Maharashtra, India (On-site)"
React Developer,Virtusa,"Pune, Maharashtra, India (Hybrid)"
React.js Developer,CloudHedge,"Pune, Maharashtra, India (On-site)"
React.js Developer,Appristine Technolog,"Pune, Maharashtra, India (On-site)"
Frontend Developer,humancloud,"Pune, Maharashtra, India (On-site)"
ReactJS Developer,People Prime Worldwide,"Pune, Maharashtra, India (Hybrid)"
